Nombre,Apellidos,FechaRegistro,NumeroPedidos,Ciudad
Daniel,Martínez Torres,05/17/2022,7,Las Palmas de Gran Canaria
Javier,Núñez Gómez,04/24/2024,13,Valencia
José,Gómez Romero,04/22/2022,16,Badajoz
José,Medina Álvarez,01/06/2025,20,Tarragona
Marta,Alonso Castro,04/21/2024,8,Madrid
Alejandro,Delgado Gil,07/24/2022,4,Vigo
Carmen,Fernández Gómez,02/18/2023,3,Cartagena
Ana,Cano Navarro,07/11/2025,1,Castellón de la Plana
Nuria,Ruiz Molina,06/11/2021,17,Vitoria-Gasteiz
Andrea,Blanco Cortés,01/29/2022,22,Zaragoza
Manuel,Alonso Domínguez,06/13/2021,27,Gijón
Javier,Molina Torres,07/18/2023,20,Terrassa
Alejandro,Blanco Serrano,03/06/2022,21,Granada
David,Cano Moreno,12/30/2023,,L'Hospitalet de Llobregat
Alejandro,Ortiz Molina,07/07/2022,29,Lleida
Álvaro,Ramos Sánchez,04/15/2022,26,Valencia
María,Suárez Torres,05/16/2021,6,Huelva
María,Romero Marín,03/22/2023,28,Castellón de la Plana
Carlos,Navarro Hernández,05/21/2022,23,Lleida
Nuria,Navarro Garrido,05/28/2023,28,Cádiz
Cristina,,10/11/2021,16,Burgos
Juan,Sánchez Ruiz,11/10/2021,20,Alicante
Lucía,Cano Pérez,02/28/2023,12,Badajoz
Sofía,Iglesias Navarro,02/08/2024,27,Madrid
Daniel,Núñez Torres,04/24/2025,20,Badalona
Daniel,Domínguez Delgado,11/20/2021,14,Madrid
Luis,Sanz Muñoz,11/06/2023,29,Murcia
Diego,Sanz Cano,02/12/2022,4,Terrassa
Alejandro,Núñez Iglesias,01/02/2021,19,Oviedo
Sara,Martínez Ruiz,01/14/2023,28,Elche
Pablo,Sánchez Gutiérrez,12/04/2025,18,Málaga
Juan,Marín Pérez,04/07/2025,17,Las Palmas de Gran Canaria
Miguel,Rubio Medina,12/05/2021,8,Logroño
Silvia,Delgado Romero,01/10/2024,24,Valladolid
Diego,Suárez Blanco,06/17/2023,28,Logroño
Elena,Ruiz Gutiérrez,04/06/2022,2,Badalona
José,Garrido Medina,04/17/2022,18,Gijón
Antonio,Pérez Sánchez,04/14/2022,2,Valencia
Carmen,Pérez Sanz,05/03/2022,8,Burgos
Rafael,Núñez Hernández,01/21/2025,29,Huelva
Beatriz,Rubio Gutiérrez,05/26/2025,15,Móstoles
Sergio,Fernández Blanco,05/18/2023,13,Castellón de la Plana
Francisco,Fernández Sánchez,04/05/2023,23,Badalona
Javier,Gutiérrez Álvarez,01/25/2022,17,Pamplona
Miguel,Delgado Muñoz,07/25/2022,14,L'Hospitalet de Llobregat
David,Castro Medina,07/20/2021,1,Tarragona
Antonio,Gómez Gutiérrez,12/07/2021,13,Burgos
Paula,Romero Suárez,05/01/2021,5,Jerez de la Frontera
Antonio,Molina Navarro,05/25/2025,25,Castellón de la Plana
Jorge,Delgado Medina,09/17/2024,22,Burgos
Carlos,Álvarez Domínguez,03/22/2022,30,Sevilla
Rocío,Núñez Sánchez,03/12/2025,10,Sevilla
Francisco,Garrido Rubio,10/27/2023,29,Logroño
Alejandro,Sánchez Sanz,06/14/2021,27,Córdoba
David,Cano Pérez,10/14/2024,27,L'Hospitalet de Llobregat
Cristina,Ruiz Cortés,05/20/2022,18,Badajoz
Manuel,Calvo Gómez,05/09/2023,21,Cádiz
Beatriz,Iglesias Ramos,06/19/2022,6,Oviedo
Pablo,Navarro Suárez,09/26/2021,21,Elche
Sofía,Ramos Pérez,01/20/2021,14,Jaén
Beatriz,Fernández Pérez,01/07/2024,6,Salamanca
Luis,Hernández Serrano,12/10/2025,2,L'Hospitalet de Llobregat
Isabel,Domínguez Moreno,06/17/2023,26,Tarragona
Diego,Calvo Iglesias,01/17/2021,21,Lleida
Diego,Fernández Hernández,06/26/2022,3,Murcia
Teresa,Díaz Torres,08/01/2022,19,Vigo
Carmen,Romero Navarro,11/02/2023,15,A Coruña
Francisco,Gómez Delgado,08/26/2025,8,Valencia
Antonio,Gil Hernández,07/28/2024,8,Alicante
Elena,Medina Delgado,02/23/2024,0,Palma
David,Díaz Núñez,03/15/2021,26,Terrassa
Rocío,Medina Díaz,05/31/2023,4,Valencia
Diego,Blanco López,01/03/2023,6,L'Hospitalet de Llobregat
Javier,Serrano Medina,12/16/2025,27,Móstoles
Andrea,Díaz Gutiérrez,11/06/2025,5,Córdoba
Marta,Martínez Muñoz,02/17/2025,29,Badalona
Marta,Gutiérrez Torres,11/23/2021,25,Murcia
Laura,López Rubio,04/01/2022,6,Castellón de la Plana
Ana,Vázquez Alonso,04/02/2022,0,Valladolid
Cristina,Gil Torres,11/06/2025,2,Granada
Ana,Sanz Suárez,10/23/2024,26,Tarragona
Carmen,Martínez Ruiz,12/02/2025,8,Córdoba
Rocío,Navarro López,,19,Almería
Ana,Ramos Delgado,05/26/2024,16,Palma
Laura,,06/06/2022,1,Almería
Antonio,Iglesias Núñez,11/07/2024,23,Valladolid
,Delgado Pérez,09/22/2024,29,Badalona
Andrea,Ramos Ruiz,01/14/2025,28,Elche
Patricia,Vázquez Ortega,10/31/2022,12,Vitoria-Gasteiz
Teresa,Hernández Álvarez,05/12/2023,21,Jerez de la Frontera
Pedro,Calvo Cortés,09/09/2022,12,Lleida
Antonio,Vázquez Domínguez,03/07/2022,13,Cádiz
Silvia,Ramos Ortiz,06/24/2023,14,Vigo
Patricia,Rubio Moreno,09/11/2024,2,Vitoria-Gasteiz
Patricia,Calvo Gil,07/11/2021,26,L'Hospitalet de Llobregat
Diego,Alonso Álvarez,10/29/2021,0,Valencia
Pablo,Rubio Calvo,10/07/2025,24,Zaragoza
Sofía,,02/03/2022,22,Jerez de la Frontera
Sara,Suárez Gutiérrez,10/30/2021,20,Madrid
Javier,Delgado Alonso,12/27/2021,25,Logroño
Sofía,Sánchez Medina,05/26/2022,29,Palma
,Hernández Ortiz,09/29/2024,16,Lleida
María,Romero Marín,03/22/2023,28,Castellón de la Plana
Silvia,Ramos Castro,06/08/2024,26,Salamanca
Lucía,Medina Castro,11/22/2021,23,Santander
Elena,Navarro Gutiérrez,09/17/2025,20,Granada
Raquel,Marín Gutiérrez,07/17/2022,14,Zaragoza
Jorge,Gutiérrez Torres,11/19/2022,10,Tarragona
Juan,Hernández Díaz,04/19/2022,12,Bilbao
Rafael,Pérez Ortega,04/15/2023,10,Tarragona
Sofía,Ortega Sánchez,02/28/2022,26,Móstoles
Laura,Garrido Martínez,10/21/2025,28,Huelva
Laura,Rubio García,12/22/2022,9,Jerez de la Frontera
Marta,Núñez Núñez,03/28/2022,15,Gijón
Fernando,Delgado Marín,03/01/2021,12,Badalona
Cristina,Moreno Ortiz,09/19/2021,19,Tarragona
José,Suárez Garrido,03/01/2024,21,Barcelona
Juan,Delgado Hernández,11/11/2025,14,Córdoba
Francisco,Navarro Molina,11/02/2022,6,Castellón de la Plana
María,Gil Molina,07/24/2022,24,Móstoles
Luis,Gómez Rubio,02/09/2021,23,Tarragona
Andrea,Blanco Cortés,01/29/2022,22,Zaragoza
Francisco,Serrano Alonso,08/24/2024,2,Valencia
José,Gutiérrez Álvarez,09/15/2025,0,Jaén
Carlos,Gutiérrez Hernández,08/28/2023,21,Palma
Beatriz,Romero Ortiz,12/03/2024,8,Terrassa
Alejandro,Cano Cano,01/11/2025,3,Alicante
Diego,Fernández Garrido,02/22/2021,29,Elche
Beatriz,Molina Suárez,01/04/2025,6,Zaragoza
Rocío,Gutiérrez Fernández,11/28/2024,24,Elche
Silvia,Ruiz Cortés,05/22/2025,1,Cartagena
Nuria,Delgado Blanco,,16,Badalona
María,Navarro Ramos,08/26/2021,24,Sabadell
Antonio,Ortega Marín,08/05/2021,13,Terrassa
Sofía,Díaz Delgado,12/27/2021,23,Logroño
Fernando,Calvo Núñez,05/06/2025,15,Castellón de la Plana
Lucía,Garrido Torres,10/23/2022,27,L'Hospitalet de Llobregat
Juan,Torres Castro,05/15/2022,24,Castellón de la Plana
Beatriz,Calvo Molina,11/20/2022,0,Burgos
María,,03/11/2022,11,A Coruña
Carmen,Torres Cano,12/07/2024,28,Granada
Teresa,García Iglesias,01/27/2022,2,L'Hospitalet de Llobregat
Marta,Marín Medina,04/02/2025,7,Santander
Sara,Castro Martínez,07/10/2021,9,Gijón
Cristina,Gutiérrez Vázquez,09/21/2024,18,Terrassa
Paula,Medina Iglesias,12/06/2022,13,Lleida
Carmen,Serrano Ortiz,07/09/2022,9,A Coruña
Álvaro,Ruiz Álvarez,,3,Tarragona
Pedro,Álvarez Romero,02/21/2025,15,Granada
Rocío,Iglesias Cano,08/03/2022,3,Valladolid
Jorge,Alonso Blanco,01/03/2022,9,Madrid
Nuria,Hernández Torres,04/04/2021,1,Lleida
Jorge,Hernández Marín,07/30/2021,27,Madrid
Beatriz,Domínguez Rubio,09/08/2023,14,Badalona
Pedro,Sánchez Navarro,10/31/2025,15,Palma
David,Suárez Marín,06/01/2021,18,Sevilla
Carlos,Díaz Cortés,09/15/2022,2,L'Hospitalet de Llobregat
Daniel,Medina Ortega,05/26/2024,19,Jaén
Álvaro,Iglesias Molina,07/12/2023,29,Pamplona
Diego,Garrido Delgado,09/18/2022,18,Jaén
Francisco,Calvo Fernández,04/12/2025,6,Vigo
Luis,Gómez Moreno,05/07/2022,5,Lleida
Luis,Hernández Serrano,12/10/2025,2,L'Hospitalet de Llobregat
,Moreno García,04/17/2023,14,Badajoz
Paula,Domínguez López,04/20/2022,9,Vitoria-Gasteiz
Sofía,Pérez Alonso,06/26/2022,25,Cádiz
Sergio,Delgado Ruiz,01/21/2024,7,Bilbao
Fernando,Díaz Pérez,05/03/2021,5,Elche
Silvia,Cortés Domínguez,06/19/2023,3,Castellón de la Plana
Diego,Suárez Torres,10/22/2023,17,Burgos
,Gómez Cano,03/23/2021,28,Almería
María,Cano Navarro,02/22/2021,2,Gijón
Fernando,Muñoz Garrido,06/12/2023,20,Burgos
Beatriz,Garrido Martínez,,21,Granada
Beatriz,López Muñoz,08/22/2023,16,Pamplona
Fernando,Muñoz Garrido,06/12/2023,20,Burgos
Juan,Rubio Serrano,04/17/2023,10,Oviedo
Javier,,04/24/2023,22,Burgos
Jorge,Suárez Medina,03/17/2021,14,Málaga
María,Navarro Ramos,08/26/2021,24,Sabadell
Patricia,García Núñez,08/05/2023,13,Sevilla
Sergio,Iglesias Blanco,06/29/2024,24,Burgos
,Sánchez Romero,07/01/2022,17,Las Palmas de Gran Canaria
Jorge,Castro Marín,09/06/2021,0,Badajoz
Pablo,Moreno Vázquez,02/03/2024,0,Lleida
Marta,Gómez Alonso,09/20/2025,29,Palma
Sofía,Ruiz Díaz,10/18/2023,29,Vitoria-Gasteiz
Patricia,Torres Ortega,09/06/2025,15,Santander
Pablo,Ortiz Medina,10/24/2021,12,Valladolid
Silvia,Sanz Hernández,11/05/2025,2,Granada
Marta,Gil Sanz,07/02/2022,26,Madrid
Jorge,Vázquez Garrido,04/02/2024,21,Burgos
Carlos,Castro Núñez,09/19/2023,11,Badalona
Teresa,Núñez Molina,07/22/2023,29,Oviedo
Sergio,Gutiérrez Cortés,02/24/2023,7,Móstoles
Manuel,Ramos Rubio,12/15/2024,29,Jerez de la Frontera
Laura,Díaz Marín,03/17/2021,4,Salamanca
Rocío,Gil Fernández,11/26/2025,27,Pamplona
Javier,Iglesias Ortiz,,23,Bilbao
Marta,Díaz Pérez,08/20/2023,25,A Coruña