Nombre;Apellidos;Ciudad;NumeroPedidos;FechaRegistro
DANIEL   ;MARTÍNEZ TORRES    ;LAS PALMAS DE GRAN CANARIA;7;17/05/2022
JAVIER   ;NÚÑEZ GÓMEZ        ;VALENCIA                  ;13;24/04/2024
JOSÉ     ;GÓMEZ ROMERO       ;BADAJOZ                   ;16;22/04/2022
JOSÉ     ;MEDINA ÁLVAREZ     ;TARRAGONA                 ;20;06/01/2025
MARTA    ;ALONSO CASTRO      ;MADRID                    ;8;21/04/2024
ALEJANDRO;DELGADO GIL        ;VIGO                      ;4;24/07/2022
CARMEN   ;FERNÁNDEZ GÓMEZ    ;CARTAGENA                 ;3;18/02/2023
ANA      ;CANO NAVARRO       ;CASTELLÓN DE LA PLANA     ;1;11/07/2025
NURIA    ;RUIZ MOLINA        ;VITORIA-GASTEIZ           ;17;11/06/2021
ANDREA   ;BLANCO CORTÉS      ;ZARAGOZA                  ;22;29/01/2022
MANUEL   ;ALONSO DOMÍNGUEZ   ;GIJÓN                     ;27;13/06/2021
JAVIER   ;MOLINA TORRES      ;TERRASSA                  ;20;18/07/2023
ALEJANDRO;BLANCO SERRANO     ;GRANADA                   ;21;06/03/2022
DAVID    ;CANO MORENO        ;L'HOSPITALET DE LLOBREGAT ;               ;30/12/2023
ALEJANDRO;ORTIZ MOLINA       ;LLEIDA                    ;29;07/07/2022
ÁLVARO   ;RAMOS SÁNCHEZ      ;VALENCIA                  ;26;15/04/2022
MARÍA    ;SUÁREZ TORRES      ;HUELVA                    ;6;16/05/2021
MARÍA    ;ROMERO MARÍN       ;CASTELLÓN DE LA PLANA     ;28;22/03/2023
CARLOS   ;NAVARRO HERNÁNDEZ  ;LLEIDA                    ;23;21/05/2022
NURIA    ;NAVARRO GARRIDO    ;CÁDIZ                     ;28;28/05/2023
JUAN     ;SÁNCHEZ RUIZ       ;ALICANTE                  ;20;10/11/2021
LUCÍA    ;CANO PÉREZ         ;BADAJOZ                   ;12;28/02/2023
SOFÍA    ;IGLESIAS NAVARRO   ;MADRID                    ;27;08/02/2024
DANIEL   ;NÚÑEZ TORRES       ;BADALONA                  ;20;24/04/2025
DANIEL   ;DOMÍNGUEZ DELGADO  ;MADRID                    ;14;20/11/2021
LUIS     ;SANZ MUÑOZ         ;MURCIA                    ;29;06/11/2023
DIEGO    ;SANZ CANO          ;TERRASSA                  ;4;12/02/2022
ALEJANDRO;NÚÑEZ IGLESIAS     ;OVIEDO                    ;19;02/01/2021
SARA     ;MARTÍNEZ RUIZ      ;ELCHE                     ;28;14/01/2023
PABLO    ;SÁNCHEZ GUTIÉRREZ  ;MÁLAGA                    ;18;04/12/2025
JUAN     ;MARÍN PÉREZ        ;LAS PALMAS DE GRAN CANARIA;17;07/04/2025
MIGUEL   ;RUBIO MEDINA       ;LOGROÑO                   ;8;05/12/2021
SILVIA   ;DELGADO ROMERO     ;VALLADOLID                ;24;10/01/2024
DIEGO    ;SUÁREZ BLANCO      ;LOGROÑO                   ;28;17/06/2023
ELENA    ;RUIZ GUTIÉRREZ     ;BADALONA                  ;2;06/04/2022
JOSÉ     ;GARRIDO MEDINA     ;GIJÓN                     ;18;17/04/2022
ANTONIO  ;PÉREZ SÁNCHEZ      ;VALENCIA                  ;2;14/04/2022
CARMEN   ;PÉREZ SANZ         ;BURGOS                    ;8;03/05/2022
RAFAEL   ;NÚÑEZ HERNÁNDEZ    ;HUELVA                    ;29;21/01/2025
BEATRIZ  ;RUBIO GUTIÉRREZ    ;MÓSTOLES                  ;15;26/05/2025
SERGIO   ;FERNÁNDEZ BLANCO   ;CASTELLÓN DE LA PLANA     ;13;18/05/2023
FRANCISCO;FERNÁNDEZ SÁNCHEZ  ;BADALONA                  ;23;05/04/2023
JAVIER   ;GUTIÉRREZ ÁLVAREZ  ;PAMPLONA                  ;17;25/01/2022
MIGUEL   ;DELGADO MUÑOZ      ;L'HOSPITALET DE LLOBREGAT ;14;25/07/2022
DAVID    ;CASTRO MEDINA      ;TARRAGONA                 ;1;20/07/2021
ANTONIO  ;GÓMEZ GUTIÉRREZ    ;BURGOS                    ;13;07/12/2021
PAULA    ;ROMERO SUÁREZ      ;JEREZ DE LA FRONTERA      ;5;01/05/2021
ANTONIO  ;MOLINA NAVARRO     ;CASTELLÓN DE LA PLANA     ;25;25/05/2025
JORGE    ;DELGADO MEDINA     ;BURGOS                    ;22;17/09/2024
CARLOS   ;ÁLVAREZ DOMÍNGUEZ  ;SEVILLA                   ;30;22/03/2022
ROCÍO    ;NÚÑEZ SÁNCHEZ      ;SEVILLA                   ;10;12/03/2025
FRANCISCO;GARRIDO RUBIO      ;LOGROÑO                   ;29;27/10/2023
ALEJANDRO;SÁNCHEZ SANZ       ;CÓRDOBA                   ;27;14/06/2021
DAVID    ;CANO PÉREZ         ;L'HOSPITALET DE LLOBREGAT ;27;14/10/2024
CRISTINA ;RUIZ CORTÉS        ;BADAJOZ                   ;18;20/05/2022
MANUEL   ;CALVO GÓMEZ        ;CÁDIZ                     ;21;09/05/2023
BEATRIZ  ;IGLESIAS RAMOS     ;OVIEDO                    ;6;19/06/2022
PABLO    ;NAVARRO SUÁREZ     ;ELCHE                     ;21;26/09/2021
SOFÍA    ;RAMOS PÉREZ        ;JAÉN                      ;14;20/01/2021
BEATRIZ  ;FERNÁNDEZ PÉREZ    ;SALAMANCA                 ;6;07/01/2024
LUIS     ;HERNÁNDEZ SERRANO  ;L'HOSPITALET DE LLOBREGAT ;2;10/12/2025
ISABEL   ;DOMÍNGUEZ MORENO   ;TARRAGONA                 ;26;17/06/2023
DIEGO    ;CALVO IGLESIAS     ;LLEIDA                    ;21;17/01/2021
DIEGO    ;FERNÁNDEZ HERNÁNDEZ;MURCIA                    ;3;26/06/2022
TERESA   ;DÍAZ TORRES        ;VIGO                      ;19;01/08/2022
CARMEN   ;ROMERO NAVARRO     ;A CORUÑA                  ;15;02/11/2023
FRANCISCO;GÓMEZ DELGADO      ;VALENCIA                  ;8;26/08/2025
ANTONIO  ;GIL HERNÁNDEZ      ;ALICANTE                  ;8;28/07/2024
ELENA    ;MEDINA DELGADO     ;PALMA                     ;0;23/02/2024
DAVID    ;DÍAZ NÚÑEZ         ;TERRASSA                  ;26;15/03/2021
ROCÍO    ;MEDINA DÍAZ        ;VALENCIA                  ;4;31/05/2023
DIEGO    ;BLANCO LÓPEZ       ;L'HOSPITALET DE LLOBREGAT ;6;03/01/2023
JAVIER   ;SERRANO MEDINA     ;MÓSTOLES                  ;27;16/12/2025
ANDREA   ;DÍAZ GUTIÉRREZ     ;CÓRDOBA                   ;5;06/11/2025
MARTA    ;MARTÍNEZ MUÑOZ     ;BADALONA                  ;29;17/02/2025
MARTA    ;GUTIÉRREZ TORRES   ;MURCIA                    ;25;23/11/2021
LAURA    ;LÓPEZ RUBIO        ;CASTELLÓN DE LA PLANA     ;6;01/04/2022
ANA      ;VÁZQUEZ ALONSO     ;VALLADOLID                ;0;02/04/2022
CRISTINA ;GIL TORRES         ;GRANADA                   ;2;06/11/2025
ANA      ;SANZ SUÁREZ        ;TARRAGONA                 ;26;23/10/2024
CARMEN   ;MARTÍNEZ RUIZ      ;CÓRDOBA                   ;8;02/12/2025
ROCÍO    ;NAVARRO LÓPEZ      ;ALMERÍA                   ;19;
ANA      ;RAMOS DELGADO      ;PALMA                     ;16;26/05/2024
ANTONIO  ;IGLESIAS NÚÑEZ     ;VALLADOLID                ;23;07/11/2024
ANDREA   ;RAMOS RUIZ         ;ELCHE                     ;28;14/01/2025
PATRICIA ;VÁZQUEZ ORTEGA     ;VITORIA-GASTEIZ           ;12;31/10/2022
TERESA   ;HERNÁNDEZ ÁLVAREZ  ;JEREZ DE LA FRONTERA      ;21;12/05/2023
PEDRO    ;CALVO CORTÉS       ;LLEIDA                    ;12;09/09/2022
ANTONIO  ;VÁZQUEZ DOMÍNGUEZ  ;CÁDIZ                     ;13;07/03/2022
SILVIA   ;RAMOS ORTIZ        ;VIGO                      ;14;24/06/2023
PATRICIA ;RUBIO MORENO       ;VITORIA-GASTEIZ           ;2;11/09/2024
PATRICIA ;CALVO GIL          ;L'HOSPITALET DE LLOBREGAT ;26;11/07/2021
DIEGO    ;ALONSO ÁLVAREZ     ;VALENCIA                  ;0;29/10/2021
PABLO    ;RUBIO CALVO        ;ZARAGOZA                  ;24;07/10/2025
SARA     ;SUÁREZ GUTIÉRREZ   ;MADRID                    ;20;30/10/2021
JAVIER   ;DELGADO ALONSO     ;LOGROÑO                   ;25;27/12/2021
SOFÍA    ;SÁNCHEZ MEDINA     ;PALMA                     ;29;26/05/2022
MARÍA    ;ROMERO MARÍN       ;CASTELLÓN DE LA PLANA     ;28;22/03/2023
SILVIA   ;RAMOS CASTRO       ;SALAMANCA                 ;26;08/06/2024
LUCÍA    ;MEDINA CASTRO      ;SANTANDER                 ;23;22/11/2021
ELENA    ;NAVARRO GUTIÉRREZ  ;GRANADA                   ;20;17/09/2025
RAQUEL   ;MARÍN GUTIÉRREZ    ;ZARAGOZA                  ;14;17/07/2022
JORGE    ;GUTIÉRREZ TORRES   ;TARRAGONA                 ;10;19/11/2022
JUAN     ;HERNÁNDEZ DÍAZ     ;BILBAO                    ;12;19/04/2022
RAFAEL   ;PÉREZ ORTEGA       ;TARRAGONA                 ;10;15/04/2023
SOFÍA    ;ORTEGA SÁNCHEZ     ;MÓSTOLES                  ;26;28/02/2022
LAURA    ;GARRIDO MARTÍNEZ   ;HUELVA                    ;28;21/10/2025
LAURA    ;RUBIO GARCÍA       ;JEREZ DE LA FRONTERA      ;9;22/12/2022
MARTA    ;NÚÑEZ NÚÑEZ        ;GIJÓN                     ;15;28/03/2022
FERNANDO ;DELGADO MARÍN      ;BADALONA                  ;12;01/03/2021
CRISTINA ;MORENO ORTIZ       ;TARRAGONA                 ;19;19/09/2021
JOSÉ     ;SUÁREZ GARRIDO     ;BARCELONA                 ;21;01/03/2024
JUAN     ;DELGADO HERNÁNDEZ  ;CÓRDOBA                   ;14;11/11/2025
FRANCISCO;NAVARRO MOLINA     ;CASTELLÓN DE LA PLANA     ;6;02/11/2022
MARÍA    ;GIL MOLINA         ;MÓSTOLES                  ;24;24/07/2022
LUIS     ;GÓMEZ RUBIO        ;TARRAGONA                 ;23;09/02/2021
ANDREA   ;BLANCO CORTÉS      ;ZARAGOZA                  ;22;29/01/2022
FRANCISCO;SERRANO ALONSO     ;VALENCIA                  ;2;24/08/2024
JOSÉ     ;GUTIÉRREZ ÁLVAREZ  ;JAÉN                      ;0;15/09/2025
CARLOS   ;GUTIÉRREZ HERNÁNDEZ;PALMA                     ;21;28/08/2023
BEATRIZ  ;ROMERO ORTIZ       ;TERRASSA                  ;8;03/12/2024
ALEJANDRO;CANO CANO          ;ALICANTE                  ;3;11/01/2025
DIEGO    ;FERNÁNDEZ GARRIDO  ;ELCHE                     ;29;22/02/2021
BEATRIZ  ;MOLINA SUÁREZ      ;ZARAGOZA                  ;6;04/01/2025
ROCÍO    ;GUTIÉRREZ FERNÁNDEZ;ELCHE                     ;24;28/11/2024
SILVIA   ;RUIZ CORTÉS        ;CARTAGENA                 ;1;22/05/2025
NURIA    ;DELGADO BLANCO     ;BADALONA                  ;16;
MARÍA    ;NAVARRO RAMOS      ;SABADELL                  ;24;26/08/2021
ANTONIO  ;ORTEGA MARÍN       ;TERRASSA                  ;13;05/08/2021
SOFÍA    ;DÍAZ DELGADO       ;LOGROÑO                   ;23;27/12/2021
FERNANDO ;CALVO NÚÑEZ        ;CASTELLÓN DE LA PLANA     ;15;06/05/2025
LUCÍA    ;GARRIDO TORRES     ;L'HOSPITALET DE LLOBREGAT ;27;23/10/2022
JUAN     ;TORRES CASTRO      ;CASTELLÓN DE LA PLANA     ;24;15/05/2022
BEATRIZ  ;CALVO MOLINA       ;BURGOS                    ;0;20/11/2022
CARMEN   ;TORRES CANO        ;GRANADA                   ;28;07/12/2024
TERESA   ;GARCÍA IGLESIAS    ;L'HOSPITALET DE LLOBREGAT ;2;27/01/2022
MARTA    ;MARÍN MEDINA       ;SANTANDER                 ;7;02/04/2025
SARA     ;CASTRO MARTÍNEZ    ;GIJÓN                     ;9;10/07/2021
CRISTINA ;GUTIÉRREZ VÁZQUEZ  ;TERRASSA                  ;18;21/09/2024
PAULA    ;MEDINA IGLESIAS    ;LLEIDA                    ;13;06/12/2022
CARMEN   ;SERRANO ORTIZ      ;A CORUÑA                  ;9;09/07/2022
ÁLVARO   ;RUIZ ÁLVAREZ       ;TARRAGONA                 ;3;
PEDRO    ;ÁLVAREZ ROMERO     ;GRANADA                   ;15;21/02/2025
ROCÍO    ;IGLESIAS CANO      ;VALLADOLID                ;3;03/08/2022
JORGE    ;ALONSO BLANCO      ;MADRID                    ;9;03/01/2022
NURIA    ;HERNÁNDEZ TORRES   ;LLEIDA                    ;1;04/04/2021
JORGE    ;HERNÁNDEZ MARÍN    ;MADRID                    ;27;30/07/2021
BEATRIZ  ;DOMÍNGUEZ RUBIO    ;BADALONA                  ;14;08/09/2023
PEDRO    ;SÁNCHEZ NAVARRO    ;PALMA                     ;15;31/10/2025
DAVID    ;SUÁREZ MARÍN       ;SEVILLA                   ;18;01/06/2021
CARLOS   ;DÍAZ CORTÉS        ;L'HOSPITALET DE LLOBREGAT ;2;15/09/2022
DANIEL   ;MEDINA ORTEGA      ;JAÉN                      ;19;26/05/2024
ÁLVARO   ;IGLESIAS MOLINA    ;PAMPLONA                  ;29;12/07/2023
DIEGO    ;GARRIDO DELGADO    ;JAÉN                      ;18;18/09/2022
FRANCISCO;CALVO FERNÁNDEZ    ;VIGO                      ;6;12/04/2025
LUIS     ;GÓMEZ MORENO       ;LLEIDA                    ;5;07/05/2022
LUIS     ;HERNÁNDEZ SERRANO  ;L'HOSPITALET DE LLOBREGAT ;2;10/12/2025
PAULA    ;DOMÍNGUEZ LÓPEZ    ;VITORIA-GASTEIZ           ;9;20/04/2022
SOFÍA    ;PÉREZ ALONSO       ;CÁDIZ                     ;25;26/06/2022
SERGIO   ;DELGADO RUIZ       ;BILBAO                    ;7;21/01/2024
FERNANDO ;DÍAZ PÉREZ         ;ELCHE                     ;5;03/05/2021
SILVIA   ;CORTÉS DOMÍNGUEZ   ;CASTELLÓN DE LA PLANA     ;3;19/06/2023
DIEGO    ;SUÁREZ TORRES      ;BURGOS                    ;17;22/10/2023
MARÍA    ;CANO NAVARRO       ;GIJÓN                     ;2;22/02/2021
FERNANDO ;MUÑOZ GARRIDO      ;BURGOS                    ;20;12/06/2023
BEATRIZ  ;GARRIDO MARTÍNEZ   ;GRANADA                   ;21;
BEATRIZ  ;LÓPEZ MUÑOZ        ;PAMPLONA                  ;16;22/08/2023
FERNANDO ;MUÑOZ GARRIDO      ;BURGOS                    ;20;12/06/2023
JUAN     ;RUBIO SERRANO      ;OVIEDO                    ;10;17/04/2023
JORGE    ;SUÁREZ MEDINA      ;MÁLAGA                    ;14;17/03/2021
MARÍA    ;NAVARRO RAMOS      ;SABADELL                  ;24;26/08/2021
PATRICIA ;GARCÍA NÚÑEZ       ;SEVILLA                   ;13;05/08/2023
SERGIO   ;IGLESIAS BLANCO    ;BURGOS                    ;24;29/06/2024
JORGE    ;CASTRO MARÍN       ;BADAJOZ                   ;0;06/09/2021
PABLO    ;MORENO VÁZQUEZ     ;LLEIDA                    ;0;03/02/2024
MARTA    ;GÓMEZ ALONSO       ;PALMA                     ;29;20/09/2025
SOFÍA    ;RUIZ DÍAZ          ;VITORIA-GASTEIZ           ;29;18/10/2023
PATRICIA ;TORRES ORTEGA      ;SANTANDER                 ;15;06/09/2025
PABLO    ;ORTIZ MEDINA       ;VALLADOLID                ;12;24/10/2021
SILVIA   ;SANZ HERNÁNDEZ     ;GRANADA                   ;2;05/11/2025
MARTA    ;GIL SANZ           ;MADRID                    ;26;02/07/2022
JORGE    ;VÁZQUEZ GARRIDO    ;BURGOS                    ;21;02/04/2024
CARLOS   ;CASTRO NÚÑEZ       ;BADALONA                  ;11;19/09/2023
TERESA   ;NÚÑEZ MOLINA       ;OVIEDO                    ;29;22/07/2023
SERGIO   ;GUTIÉRREZ CORTÉS   ;MÓSTOLES                  ;7;24/02/2023
MANUEL   ;RAMOS RUBIO        ;JEREZ DE LA FRONTERA      ;29;15/12/2024
LAURA    ;DÍAZ MARÍN         ;SALAMANCA                 ;4;17/03/2021
ROCÍO    ;GIL FERNÁNDEZ      ;PAMPLONA                  ;27;26/11/2025
JAVIER   ;IGLESIAS ORTIZ     ;BILBAO                    ;23;
MARTA    ;DÍAZ PÉREZ         ;A CORUÑA                  ;25;20/08/2023
